methodology_type,dataset_name,bias_classes,fairness_metrics,main_results,limitations,evaluation_scenario,fairness_definitions,software_library,future_work,main_contribution,filename
Review,['Not explicitly mentioned'],"['Race', 'Gender', 'Age', 'Socioeconomic status']","['Equalized Odds', 'Demographic Parity', 'Scalable fairness auditing']","This study provides a comprehensive review of bias in AI, ML, and DL models, analyzing its sources, detection methods, and bias mitigation strategies.","Gaps persist in holistic mitigation frameworks, necessitating a comprehensive review that bridges technical methods, ethical implications, and regulatory compliance.",Real-world,"['Group', 'Individual', 'Counterfactual']",['Not explicitly mentioned'],"Scalability, federated AI, interdisciplinary solutions","This study provides a comprehensive review of bias in AI, ML, and DL models, integrating a full lifecycle perspective on bias with a deep interdisciplinary synthesis.",s11831-025-10483-6.pdf
Not explicitly mentioned,['Not explicitly mentioned'],"['Racial/Gender', 'Age']",['Not explicitly mentioned'],['Not explicitly mentioned'],"['Regulatory reaction has mostly been reactive, as it tries to catch up with rapidly advancing progress in artificial intelligence...']",Real,"['Group', 'Individual']","['Fairlearn', 'PyTorch']",['Prioritizing technology over human input from these groups risks repeating past mistakes and impedes true innovation.'],This review considers twelve key aspects of AI in clinical practice...,1-s2.0-S0009898123003212-main.pdf
GAN,Electronic Health Records (EHRs),Not explicitly mentioned,Not explicitly mentioned,The proposed framework generates realistic and privacy-preserved EHRs.,"Challenges remain due to longitudinal and temporal aspects, data heterogeneity, sparsity, and skewed distributions.",Real,Not explicitly mentioned,"Autoencoder, GAN, graph neural networks (GNNs), graph convolutional transformers (GCTs)",To outperform previous methods in terms of fidelity and privacy aspects.,Proposing a domain knowledge-driven framework for generating synthetic EHRs.,SHTI-302-SHTI230136.pdf
Structured synthetic data framework,"['Multi-site clinical datasets', 'Real-world multi-site datasets']","['Site-speciﬁc variations', 'Hierarchical subgroup effects', 'Demographic factors (e.g., age, sex)']","['Equalized Odds', 'Demographic Parity', 'Generalisability']","[""Demonstrated the framework's ability to isolate the impact of site variations, support fairness-aware audits, and reveal generalisation failures""]","['Real data access is often limited by privacy restrictions, data-sharing limitations, cost, inherent biases']",Synthetic,"['Group', 'Individual', 'Counterfactual']",['Not explicitly mentioned'],['Directions for subsequent study: exploring the relationship between model complexity and generalisability across sites'],"Proposed a structured synthetic data framework designed to enable explicit control over key factors influencing model generalisability, including site-speciﬁc variations, hierarchical subgroup effects, and feature interactions.",Bridging_the_Generalisation_Gap_Synthetic_Data_Generation_for_Multi-Site_Clinical_Model_Validation.pdf
GAN,['MIMIC-III'],"['correlation biases', 'representation fairness']","['representation fairness', 'Partial Recall']",['state-of-the-art accuracy while significantly improving fairness and minimizing bias amplification'],"['existing synthetic data generation methods have explored concepts of accuracy, utility, and privacy, but paid less attention to fairness']",Real,"['Group', 'Individual', 'Counterfactual']",['GANs'],['Directions for subsequent study: Investigate the impact of Bt-GAN on other healthcare-related tasks and domains.'],Developing a principled GAN framework for synthetic healthcare data generation with guaranteed fairness in the target,jair.1.15317.pdf
LLM-augmented Synthetic Data Generation,Real-world health data,"['Race', 'Gender']","['Total effect (TV)', 'Direct effect (DE)', 'Indirect effect (IE)', 'Spurious effect (SE)']","Generated synthetic data deviates by less than 10% from real data on causal fairness metrics. When trained on causally fair predictors, synthetic data reduces bias on the sensitive attribute by 70% compared to real data.",Not explicitly mentioned,Real,"['Group', 'Individual', 'Counterfactual']",LLMs (Large Language Models),"Directions for subsequent study: further evaluate and refine the proposed pipeline, explore its applications to other domains, and investigate potential biases in the generated synthetic data.",Developed the first LLM-augmented synthetic data generation method to enhance causal fairness using real-world tabular health data.,FairCauseSyn_Towards_Causally_Fair_LLM-augmented_Synthetic_Data_Generation.pdf
AI/ML-based strategies,Not explicitly mentioned,"['Gender', 'Age', 'Race', 'Ethnicity', 'Socioeconomic status']","['Equalized Odds', 'Demographic Parity', 'Stratified Randomization']",Not explicitly mentioned,Persistent gaps in representation undermine the validity and fairness of clinical trials.,Real-world data evaluation,"['Group Fairness', 'Individual Fairness', 'Counterfactual Fairness']","Fairlearn, PyTorch (not explicitly mentioned)",Directions for subsequent study: Developing and validating the AI/ML-driven framework.,"Proposes an AI/ML-based framework aimed at operationalizing equity, diversity, and inclusion in clinical research.",s13063-026-09537-2.pdf
Data-Centric Strategy,Not explicitly mentioned,"['Gender', 'Race', 'Age']","['Equalized Odds', 'Demographic Parity']",Experiments on four benchmark datasets show that FairData consistently reduces group disparities across diverse architectures while maintaining competitive predictive performance.,"Prior work is largely model-centric, improving fairness via specialized loss functions or architectural modifications, which can introduce additional training overhead and hinder deployment in modular or rapidly evolving pipelines.",Real,Group,Not explicitly mentioned,Directions for subsequent study: ... fairness-aware dataset optimization as a practical complement to model-specific fairness techniques.,"We propose FairData, which synthesizes a fair training dataset by optimizing a gradient-matching objective that aligns the training dynamics of a randomly initialized model on the synthetic data with those on the original data, while explicitly regularizing for group fairness.",3773966.3778010.pdf
Not explicitly mentioned,"['MIMIC-III', 'Adult']",[],['Not explicitly mentioned'],['Not explicitly mentioned'],['Verifying the reliability of synthetic data and reducing bias within algorithms'],Real,"['Group', 'Individual', 'Counterfactual']","['Fairlearn', 'PyTorch']",['Advancing generative models and developing personalized with cross-domain synthetic data'],Providing a comprehensive overview of synthetic data generation approaches for diabetes applications,A_Survey_on_Synthetic_Data_Generation_for_Diabetes_Applications.pdf
Synthetic data-augmentation,Real-world health data (multiple datasets not specified),"['Gender', 'Ethnicity']","['Equalized Odds', 'Demographic Parity']",SMA produces the closest results to the ground truth in low to medium bias (50% or less missing proportion).,No specific method consistently outperformed others in high bias scenarios (80% or more missing proportion),Real-world health data evaluation,Group fairness,Not explicitly mentioned,"Directions for subsequent study: rebalancing schemes such as random undersampling (RUS) and random oversampling (ROS) are quite attractive, as they allow researchers to reconstruct balanced datasets a priori before any modeling effort.",Evaluating different bias-mitigating approaches in real-world health data.,1-s2.0-S266638992400045X-main.pdf
Not explicitly mentioned,"['MIMIC-III', 'Adult']","['Race', 'Ethnicity', 'Geographic location', 'Socioeconomic status']","['Equalized Odds', 'Demographic Parity']","['AI has made significant strides in cancer diagnosis, offering new tools that can improve the accuracy and speed of detecting various cancers.']","['Concerns about biased datasets, underrepresentation of minority populations, lack of diversity among developers and researchers working on AI.']",Real,"['Group', 'Individual']","['Fairlearn', 'PyTorch']","['Addressing disparities in AI diagnostic tools requires a concerted effort; creating more inclusive datasets, engaging diverse stakeholders in AI development.']",The review aims to evaluate the impact of artificial intelligence (AI) on cancer health equity.,s11912-024-01627-1.pdf
Not explicitly mentioned,Not explicitly mentioned,"['Race', 'Gender', 'Age']","['Equalized Odds', 'Demographic Parity']",Not explicitly mentioned,"['quality and representativeness of training data', 'intersectionality of biases', 'dynamic nature of biases', 'lack of transparency in advanced methods', 'resource intensity', 'ethical considerations', 'regulatory variations', 'performance vs. fairness trade-off', 'limited scope', 'continuous evolution']",Not explicitly mentioned,"['Group', 'Individual']","Fairlearn, PyTorch (not specifically mentioned)","['Ongoing research and development in this area to effectively identify and remove biases from deep learning models', 'Interdisciplinary approaches, such as incorporating insights from cognitive science, social sciences, and ethics, enhance our understanding and management of bias']",A comprehensive review and analysis that sheds light on the multifaceted nature of bias in deep learning,s11831-024-10134-2.pdf
Synthetic Data Generation,['EHR datasets'],"['protected attributes', 'sensitive features']","['group fairness', 'individual fairness']",proposed pipeline can effectively help with mitigating fairness in various downstream tasks while maintaining a reasonable trade-off between improving fairness and the performance of the downstream tasks,"the process of fairness-aware synthetic data generation inevitably alters the underlying data distribution, which may result in a degree of performance degradation compared to those trained on the original, unmodified data",Real (EHR) and Synthetic datasets,"['Group Fairness', 'Individual Fairness']",['Not explicitly mentioned'], directions for subsequent study,proposing an end-to-end pipeline for the mitigation of fairness concerns in arbitrary downstream tasks using EHR data,3721201.3721373.pdf
Conditional Generative Models (CGMs),Not explicitly mentioned,None specified,Not explicitly mentioned,This review surveys the recent development of CGMs for tabular data from the lens of medical applications.,Not explicitly mentioned,Real-world datasets,"Group fairness, Individual fairness, Counterfactual fairness not specified","Fairlearn, PyTorch not mentioned","Technical, medical, and ethical challenges that necessitate further exploration.",This review highlights the potential of conditional generative models (CGMs) to create patient-specific synthetic data for a variety of precision medicine applications.,annurev-biodatasci-103123-094844.pdf
GAN,US National Health Interview Survey (NHIS) data (2020-2022),['social economic factors'],"['AUC', 'accuracy', 'true positive and false positive rates']","The study found that subgroup disparities were prevalent (50.7%) in the models. Subgroup AUCs were generally lower, with a mean difference of 0.01, ranging from -0.29 to +0.41.","Some studies assessed the fairness of health risk prediction models focusing on specific vulnerable populations such as African Americans. Other studies developed mitigation strategies, including generating and adding synthetic data to an existing dataset.",Real,['Group'],Not explicitly mentioned,"More experiments are needed to determine how often and to what extent the new mitigation strategies, such as synthetic data generation, can enhance disparity.",This study assesses the prevalence of subgroup disparity when modeling COVID-19 test outcomes in children and tests if the disparities are statistically significant.,nihpp-2024.09.18.24313889v1.pdf
Literature survey,Not explicitly mentioned,"['Race', 'Ethnicity', 'Gender', 'Socioeconomic lines']",[{'name': 'Not explicitly mentioned'}],This paper highlights technical and ethical dimensions of applying AI to assess risks that AI may also exacerbate discrimination against vulnerable populations.,"The authors highlight the need for thoughtful design, diverse community engagement, collaboration, and social/cultural contextual understanding to ensure AI promotes health equity rather than reinforcing the status quo.",Real,[{'category': 'Group'}],['Not explicitly mentioned'],"To harness AI to dismantle injustice, while avoiding pitfalls that could perpetuate discrimination under the influx of technology.",This study aims to propose an integrated inclusive smart health model that considers both technical interventions as well as broader participatory and ethical approaches.,3657054.3657152.pdf
Deep Learning,"['EHRs', 'insurance claims data', 'census data', 'geospatial analytics']","['socioeconomic status', 'geographic location', 'demographic characteristics']","['Equalized Odds', 'Demographic Parity']","['prediction accuracy while minimizing disparities', 'achieves better fairness and interpretability than conventional models']",['lack of data that reflects patterns of disparity in real-time and at a granular level'],Real,"['Group', 'Individual']",['Fairlearn'],['Longitudinal studies can further the adaptability and transparency of predictive models for healthcare'],This study develops prediction models for healthcare access and outcomes that leverage deep learning with bias-attenuating modelling approaches.,s44163-025-00425-3.pdf
Not explicitly mentioned,"['MIDRC', 'over 150,000 imaging studies (mainly chest radiographs and CTs)']",['unspecified'],['Not explicitly mentioned'],['Identification of sources of bias in AI/ML along the pipeline for AI/ML in medical imaging'],['Not explicitly mentioned'],Real,"['Group', 'Individual', 'Counterfactual']",['Gen3 data commons platform'],['Mitigation strategies and best practices for AI/ML development'],"To provide a valuable resource to researchers, clinicians, and the public at large",JMI-010-061104.pdf
Error,Error,Error,Error,,,,,,,Error,41666_2023_Article_133.pdf
Error,Error,Error,Error,,,,,,,Error,1-s2.0-S0010482525001805-main.pdf
Mixed-integer linear optimization model,German Health Survey (GEDA),['Age'],"['Equalized Odds', 'Demographic Parity']",Our approach yields better classification results than a standard random forest when considering different ages as sensitive groups.,Not explicitly mentioned,Real,Group,Not explicitly mentioned,Directions for subsequent study: none specified,"A fair and calibrated ensemble method that imposes cardinality constraints on the classification of unlabeled data, for some sensitive groups.",1-s2.0-S0305054825003661-main.pdf
GAN,['MIMIC-III'],"['correlation biases', 'representation biases']","['Equalized Odds', 'Demographic Parity']",['state-of-the-art accuracy while significantly improving fairness and minimizing bias amplification'],"['neglecting the crucial aspect of fairness in downstream predictions', 'amplifying spurious correlations']",Real,"['Group', 'Individual', 'Counterfactual']","['Fairlearn', 'PyTorch']",['Directions for subsequent study'],Introduces a novel and professional approach to addressing the limitations of synthetic data generation in the healthcare domain,Ramachandranpillai_2024_Bt-GAN_ Generating Fair Synthetic Healthdata via B.pdf
Error,Error,Error,Error,,,,,,,Error,1-s2.0-S1532046423001570-main.pdf
